image_names,class
0001.jpg,1
0002.jpg,1
0003.jpg,1
0004.jpg,1
0005.jpg,1
0006.jpg,0
0007.jpg,1
0008.jpg,1
0009.jpg,1
0010.jpg,1
0011.jpg,1
0012.jpg,1
0013.jpg,1
0014.jpg,1
0015.jpg,1
0016.jpg,1
0017.jpg,1
0018.jpg,1
0019.jpg,1
0020.jpg,1
0021.jpg,1
0022.jpg,1
0023.jpg,0
0024.jpg,1
0025.jpg,0
0026.jpg,1
0027.jpg,1
0028.jpg,0
0029.jpg,1
0030.jpg,1
0031.jpg,1
0032.jpg,1
0033.jpg,1
0034.jpg,1
0035.jpg,1
0036.jpg,1
0037.jpg,1
0038.jpg,1
0039.jpg,0
0040.jpg,0
0041.jpg,1
0042.jpg,1
0043.jpg,0
0044.jpg,1
0045.jpg,1
0046.jpg,0
0047.jpg,1
0048.jpg,1
0049.jpg,1
0050.jpg,1
0051.jpg,0
0052.jpg,1
0053.jpg,0
0054.jpg,1
0055.jpg,0
0056.jpg,1
0057.jpg,1
0058.jpg,0
0059.jpg,0
0060.jpg,1
0061.jpg,1
0062.jpg,1
0063.jpg,1
0064.jpg,1
0065.jpg,1
0066.jpg,1
0067.jpg,1
0068.jpg,1
0069.jpg,1
0070.jpg,1
0071.jpg,1
0072.jpg,1
0073.jpg,1
0074.jpg,0
0075.jpg,1
0076.jpg,1
0077.jpg,1
0078.jpg,0
0079.jpg,1
0080.jpg,1
0081.jpg,0
0082.jpg,1
0083.jpg,0
0084.jpg,0
0085.jpg,1
0086.jpg,1
0087.jpg,1
0088.jpg,1
0089.jpg,1
0090.jpg,1
0091.jpg,0
0092.jpg,1
0093.jpg,0
0094.jpg,0
0095.jpg,0
0096.jpg,1
0097.jpg,0
0098.jpg,0
0099.jpg,1
0100.jpg,1
0101.jpg,1
0102.jpg,1
0103.jpg,1
0104.jpg,1
0105.jpg,1
0106.jpg,1
0107.jpg,1
0108.jpg,1
0109.jpg,1
0110.jpg,1
0111.jpg,1
0112.jpg,1
0113.jpg,1
0114.jpg,1
0115.jpg,0
0116.jpg,1
0117.jpg,1
0118.jpg,0
0119.jpg,1
0120.jpg,1
0121.jpg,1
0122.jpg,1
0123.jpg,1
0124.jpg,1
0125.jpg,1
0126.jpg,1
0127.jpg,1
0128.jpg,1
0129.jpg,1
0130.jpg,1
0131.jpg,1
0132.jpg,1
0133.jpg,1
0134.jpg,1
0135.jpg,0
0136.jpg,1
0137.jpg,1
0138.jpg,0
0139.jpg,0
0140.jpg,1
0141.jpg,1
0142.jpg,1
0143.jpg,1
0144.jpg,1
0145.jpg,1
0146.jpg,1
0147.jpg,1
0148.jpg,1
0149.jpg,0
0150.jpg,1
0151.jpg,1
0152.jpg,1
0153.jpg,0
0154.jpg,1
0155.jpg,0
0156.jpg,0
0157.jpg,1
0158.jpg,1
0159.jpg,1
0160.jpg,1
0161.jpg,0
0162.jpg,1
0163.jpg,1
0164.jpg,1
0165.jpg,0
0166.jpg,1
0167.jpg,1
0168.jpg,1
0169.jpg,1
0170.jpg,1
0171.jpg,0
0172.jpg,1
0173.jpg,0
0174.jpg,1
0175.jpg,1
0176.jpg,1
0177.jpg,1
0178.jpg,1
0179.jpg,1
0180.jpg,1
0181.jpg,1
0182.jpg,1
0183.jpg,1
0184.jpg,1
0185.jpg,1
0186.jpg,1
0187.jpg,1
0188.jpg,0
0189.jpg,0
0190.jpg,1
0191.jpg,1
0192.jpg,1
0193.jpg,1
0194.jpg,1
0195.jpg,1
0196.jpg,1
0197.jpg,1
0198.jpg,0
0199.jpg,1
0200.jpg,0
0201.jpg,1
0202.jpg,1
0203.jpg,1
0204.jpg,1
0205.jpg,1
0206.jpg,1
0207.jpg,1
0208.jpg,1
0209.jpg,1
0210.jpg,1
0211.jpg,1
0212.jpg,1
0213.jpg,1
0214.jpg,1
0215.jpg,1
0216.jpg,0
0217.jpg,1
0218.jpg,1
0219.jpg,1
0220.jpg,1
0221.jpg,1
0222.jpg,1
0223.jpg,1
0224.jpg,1
0225.jpg,1
0226.jpg,1
0227.jpg,1
0228.jpg,0
0229.jpg,1
0230.jpg,1
0231.jpg,1
0232.jpg,1
0233.jpg,1
0234.jpg,1
0235.jpg,0
0236.jpg,1
0237.jpg,1
0238.jpg,1
0239.jpg,1
0240.jpg,1
0241.jpg,1
0242.jpg,1
0243.jpg,1
0244.jpg,0
0245.jpg,1
0246.jpg,1
0247.jpg,1
0248.jpg,1
0249.jpg,1
0250.jpg,1
0251.jpg,0
0252.jpg,0
0253.jpg,1
0254.jpg,0
0255.jpg,1
0256.jpg,1
0257.jpg,1
0258.jpg,1
0259.jpg,0
0260.jpg,1
0261.jpg,0
0262.jpg,1
0263.jpg,1
0264.jpg,0
0265.jpg,1
0266.jpg,1
0267.jpg,0
0268.jpg,1
0269.jpg,1
0270.jpg,1
0271.jpg,1
0272.jpg,1
0273.jpg,1
0274.jpg,1
0275.jpg,1
0276.jpg,1
0277.jpg,1
0278.jpg,1
0279.jpg,1
0280.jpg,1
0281.jpg,1
0282.jpg,1
0283.jpg,1
0284.jpg,1
0285.jpg,0
0286.jpg,0
0287.jpg,1
0288.jpg,1
0289.jpg,1
0290.jpg,0
0291.jpg,1
0292.jpg,1
0293.jpg,1
0294.jpg,1
0295.jpg,1
0296.jpg,1
0297.jpg,1
0298.jpg,1
0299.jpg,1
0300.jpg,1
0301.jpg,1
0302.jpg,1
0303.jpg,1
0304.jpg,1
0305.jpg,1
0306.jpg,0
0307.jpg,1
0308.jpg,1
0309.jpg,0
0310.jpg,1
0311.jpg,0
0312.jpg,0
0313.jpg,1
0314.jpg,0
0315.jpg,0
0316.jpg,1
0317.jpg,1
0318.jpg,1
0319.jpg,1
0320.jpg,1
0321.jpg,1
0322.jpg,1
0323.jpg,1
0324.jpg,1
0325.jpg,1
0326.jpg,1
0327.jpg,1
0328.jpg,1
0329.jpg,1
0330.jpg,1
0331.jpg,1
0332.jpg,1
0333.jpg,1
0334.jpg,1
0335.jpg,1
0336.jpg,0
0337.jpg,1
0338.jpg,0
0339.jpg,1
0340.jpg,0
0341.jpg,0
0342.jpg,1
0343.jpg,1
0344.jpg,1
0345.jpg,1
0346.jpg,1
0347.jpg,1
0348.jpg,1
0349.jpg,1
0350.jpg,1
0351.jpg,1
0352.jpg,1
0353.jpg,0
0354.jpg,1
0355.jpg,1
0356.jpg,1
0357.jpg,0
0358.jpg,1
0359.jpg,1
0360.jpg,1
0361.jpg,1
0362.jpg,1
0363.jpg,0
0364.jpg,1
0365.jpg,1
0366.jpg,1
0367.jpg,1
0368.jpg,1
0369.jpg,1
0370.jpg,0
0371.jpg,0
0372.jpg,1
0373.jpg,0
0374.jpg,1
0375.jpg,1
0376.jpg,0
0378.jpg,1
0379.jpg,1
0380.jpg,1
0381.jpg,1
0382.jpg,1
0383.jpg,0
0384.jpg,1
0385.jpg,1
0386.jpg,1
0387.jpg,1
0388.jpg,1
0389.jpg,1
0390.jpg,1
0391.jpg,1
0392.jpg,1
0393.jpg,1
0395.jpg,1
0397.jpg,1
0398.jpg,1
0399.jpg,0
0400.jpg,1
0401.jpg,1
0402.jpg,1
0403.jpg,1
0404.jpg,1
0405.jpg,1
0406.jpg,1
0407.jpg,0
0408.jpg,1
0409.jpg,1
0410.jpg,1
0411.jpg,1
0412.jpg,0
0413.jpg,1
0414.jpg,1
0415.jpg,1
0416.jpg,1
0417.jpg,1
0418.jpg,0
0419.jpg,1
0420.jpg,1
0421.jpg,1
0422.jpg,1
0423.jpg,1
0424.jpg,1
0425.jpg,1
0426.jpg,1
0427.jpg,1
0428.jpg,1
0429.jpg,0
0430.jpg,0
0431.jpg,0
0432.jpg,1
0433.jpg,1
0434.jpg,1
0435.jpg,1
0436.jpg,1
0437.jpg,0
0438.jpg,0
0439.jpg,1
0440.jpg,1
0441.jpg,1
0442.jpg,1
0443.jpg,0
0444.jpg,0
0445.jpg,1
0446.jpg,1
0447.jpg,1
0448.jpg,0
0449.jpg,0
0450.jpg,1
0451.jpg,1
0452.jpg,1
0453.jpg,1
0454.jpg,1
0455.jpg,1
0456.jpg,1
0457.jpg,1
0458.jpg,0
0459.jpg,1
0460.jpg,0
0461.jpg,0
0462.jpg,1
0463.jpg,0
0464.jpg,0
0465.jpg,0
0466.jpg,1
0467.jpg,1
0468.jpg,0
0469.jpg,1
0470.jpg,0
0471.jpg,1
0472.jpg,1
0473.jpg,1
0474.jpg,1
0475.jpg,1
0476.jpg,1
0477.jpg,1
0478.jpg,1
0479.jpg,1
0480.jpg,1
0481.jpg,1
0482.jpg,1
0483.jpg,1
0484.jpg,1
0485.jpg,1
0486.jpg,0
0487.jpg,1
0488.jpg,1
0489.jpg,1
0490.jpg,0
0491.jpg,1
0492.jpg,1
0493.jpg,1
0495.jpg,1
0496.jpg,0
0497.jpg,0
0498.jpg,1
0499.jpg,0
0500.jpg,1
0501.jpg,1
0502.jpg,0
0503.jpg,1
0504.jpg,1
0505.jpg,1
0506.jpg,1
0507.jpg,0
0508.jpg,0
0509.jpg,0
0510.jpg,1
0511.jpg,1
0512.jpg,1
0513.jpg,1
0514.jpg,1
0515.jpg,1
0516.jpg,1
0517.jpg,1
0518.jpg,1
0519.jpg,1
0520.jpg,1
0521.jpg,0
0522.jpg,0
0523.jpg,1
0524.jpg,1
0525.jpg,1
0526.jpg,1
0527.jpg,1
0528.jpg,1
0529.jpg,1
0530.jpg,1
0531.jpg,1
0532.jpg,1
0533.jpg,1
0535.jpg,1
0536.jpg,1
0537.jpg,1
0538.jpg,1
0539.jpg,1
0540.jpg,1
0541.jpg,1
0542.jpg,1
0543.jpg,1
0544.jpg,0
0545.jpg,1
0546.jpg,1
0547.jpg,1
0548.jpg,1
0549.jpg,1
0550.jpg,1
0551.jpg,1
0553.jpg,1
0554.jpg,1
0555.jpg,1
0556.jpg,1
0557.jpg,1
0558.jpg,1
0559.jpg,1
0560.jpg,1
0561.jpg,0
0562.jpg,1
0563.jpg,1
0564.jpg,1
0565.jpg,0
0566.jpg,1
0567.jpg,1
0568.jpg,0
0569.jpg,0
0570.jpg,1
0571.jpg,1
0572.jpg,0
0573.jpg,0
0574.jpg,1
0575.jpg,1
0576.jpg,1
0577.jpg,1
0578.jpg,1
0579.jpg,1
0580.jpg,1
0581.jpg,1
0582.jpg,1
0583.jpg,1
0584.jpg,1
0585.jpg,1
0586.jpg,1
0587.jpg,1
0588.jpg,1
0589.jpg,1
0590.jpg,1
0591.jpg,1
0592.jpg,1
0593.jpg,1
0594.jpg,1
0595.jpg,1
0596.jpg,1
0597.jpg,1
0598.jpg,1
0599.jpg,1
0600.jpg,1
0601.jpg,1
0602.jpg,1
0603.jpg,1
0604.jpg,1
0605.jpg,1
0606.jpg,0
0607.jpg,1
0608.jpg,1
0609.jpg,1
0610.jpg,1
0611.jpg,1
0612.jpg,1
0613.jpg,0
0614.jpg,1
0615.jpg,0
0616.jpg,1
0617.jpg,1
0618.jpg,1
0619.jpg,0
0621.jpg,0
0622.jpg,1
0623.jpg,1
0624.jpg,1
0625.jpg,1
0626.jpg,0
0627.jpg,1
0628.jpg,0
0629.jpg,0
0630.jpg,1
0631.jpg,1
0632.jpg,0
0633.jpg,0
0634.jpg,1
0635.jpg,0
0636.jpg,1
0637.jpg,1
0638.jpg,0
0639.jpg,1
0640.jpg,0
0641.jpg,0
0642.jpg,0
0643.jpg,0
0644.jpg,1
0645.jpg,1
0646.jpg,0
0647.jpg,1
0648.jpg,0
0649.jpg,1
0650.jpg,1
0651.jpg,0
0652.jpg,1
0653.jpg,1
0654.jpg,1
0655.jpg,0
0656.jpg,1
0657.jpg,1
0658.jpg,0
0659.jpg,0
0660.jpg,0
0661.jpg,1
0662.jpg,0
0663.jpg,1
0664.jpg,1
0665.jpg,0
0666.jpg,0
0667.jpg,1
0668.jpg,0
0669.jpg,1
0670.jpg,1
0671.jpg,0
0672.jpg,0
0673.jpg,0
0674.jpg,0
0675.jpg,0
0676.jpg,0
0677.jpg,1
0678.jpg,1
0679.jpg,0
0680.jpg,1
0681.jpg,0
0682.jpg,1
0683.jpg,0
0684.jpg,1
0685.jpg,0
0686.jpg,0
0687.jpg,0
0688.jpg,0
0689.jpg,0
0690.jpg,0
0691.jpg,0
0692.jpg,0
0693.jpg,0
0694.jpg,0
0695.jpg,0
0696.jpg,0
0697.jpg,1
0698.jpg,1
0699.jpg,1
0700.jpg,1
0701.jpg,1
0702.jpg,1
0703.jpg,1
0704.jpg,1
0705.jpg,1
0706.jpg,1
0707.jpg,1
0708.jpg,1
0709.jpg,1
0710.jpg,1
0711.jpg,1
0712.jpg,1
0713.jpg,1
0714.jpg,1
0715.jpg,1
0716.jpg,1
0717.jpg,1
0718.jpg,1
0719.jpg,1
0720.jpg,1
0721.jpg,1
0722.jpg,1
0723.jpg,1
0724.jpg,1
0725.jpg,1
0726.jpg,1
0727.jpg,1
0728.jpg,1
0729.jpg,1
0731.jpg,1
0732.jpg,1
0733.jpg,1
0734.jpg,1
0735.jpg,1
0736.jpg,1
0737.jpg,1
0738.jpg,1
0739.jpg,1
0740.jpg,1
0741.jpg,1
0742.jpg,1
0743.jpg,1
0744.jpg,1
0745.jpg,1
0746.jpg,1
0747.jpg,1
0748.jpg,1
0749.jpg,1
0750.jpg,1
0751.jpg,0
0752.jpg,1
0753.jpg,1
0754.jpg,1
0755.jpg,1
0756.jpg,1
0757.jpg,1
0758.jpg,1
0759.jpg,1
0760.jpg,1
0761.jpg,1
0762.jpg,1
0763.jpg,1
0764.jpg,0
0765.jpg,1
0766.jpg,1
0767.jpg,1
0768.jpg,1
0769.jpg,1
0770.jpg,0
0771.jpg,1
0772.jpg,1
0773.jpg,0
0774.jpg,0
0775.jpg,0
0776.jpg,1
0777.jpg,1
0778.jpg,1
0779.jpg,1
0780.jpg,1
0781.jpg,1
0782.jpg,1
0783.jpg,1
0784.jpg,1
0785.jpg,1
0786.jpg,1
0787.jpg,1
0788.jpg,1
0789.jpg,1
0790.jpg,1
0791.jpg,1
0792.jpg,1
0793.jpg,1
0794.jpg,1
0795.jpg,1
0796.jpg,1
0797.jpg,1
0798.jpg,1
0799.jpg,1
0800.jpg,1
0801.jpg,1
0802.jpg,1
0803.jpg,1
0804.jpg,1
0805.jpg,1
0806.jpg,1
0807.jpg,1
0808.jpg,1
0809.jpg,1
0810.jpg,1
0811.jpg,1
0812.jpg,1
0813.jpg,1
0814.jpg,1
0815.jpg,1
0816.jpg,1
0817.jpg,1
0818.jpg,1
0819.jpg,1
0820.jpg,1
0821.jpg,0
0822.jpg,1
0823.jpg,1
0824.jpg,1
0825.jpg,1
0826.jpg,1
0827.jpg,1
0828.jpg,1
0829.jpg,1
0830.jpg,1
0831.jpg,1
0832.jpg,1
0833.jpg,1
0834.jpg,1
0835.jpg,1
0836.jpg,1
0837.jpg,1
0838.jpg,0
0839.jpg,1
0840.jpg,1
0841.jpg,1
0842.jpg,1
0843.jpg,1
0844.jpg,1
0845.jpg,1
0846.jpg,1
0847.jpg,1
0848.jpg,1
0849.jpg,1
0850.jpg,1
0851.jpg,1
0852.jpg,1
0853.jpg,1
0854.jpg,0
0855.jpg,1
0856.jpg,1
0857.jpg,1
0858.jpg,1
0859.jpg,1
0860.jpg,1
0861.jpg,1
0862.jpg,1
0863.jpg,1
0864.jpg,1
0865.jpg,1
0866.jpg,1
0867.jpg,1
0868.jpg,1
0869.jpg,1
0870.jpg,1
0871.jpg,1
0872.jpg,1
0873.jpg,1
0874.jpg,1
0875.jpg,1
0876.jpg,1
0877.jpg,1
0878.jpg,1
0879.jpg,1
0880.jpg,1
0881.jpg,1
0882.jpg,1
0883.jpg,1
0884.jpg,1
0885.jpg,1
0886.jpg,1
0887.jpg,1
0888.jpg,1
0889.jpg,1
0890.jpg,1
0891.jpg,1
0892.jpg,1
0893.jpg,1
0894.jpg,1
0895.jpg,1
0896.jpg,1
0897.jpg,1
0898.jpg,1
0899.jpg,1
0900.jpg,1
0901.jpg,1
0902.jpg,1
0903.jpg,1
0904.jpg,1
0905.jpg,1
0906.jpg,1
0907.jpg,1
0908.jpg,1
0909.jpg,1
0910.jpg,1
0911.jpg,1
0912.jpg,1
0913.jpg,1
0914.jpg,1
0915.jpg,1
0916.jpg,1
0917.jpg,1
0918.jpg,1
0919.jpg,1
0920.jpg,1
0921.jpg,1
0922.jpg,1
0923.jpg,1
0924.jpg,1
0925.jpg,0
0926.jpg,1
0927.jpg,1
0928.jpg,1
0929.jpg,1
0930.jpg,1
0931.jpg,1
0932.jpg,1
0933.jpg,1
0934.jpg,1
0935.jpg,1
0936.jpg,1
0937.jpg,1
0938.jpg,1
0939.jpg,1
0940.jpg,1
0941.jpg,1
0942.jpg,1
0943.jpg,1
0944.jpg,1
0945.jpg,1
0946.jpg,1
0947.jpg,1
0948.jpg,1
0949.jpg,1
0950.jpg,1
0951.jpg,1
0952.jpg,1
0953.jpg,1
0954.jpg,1
0955.jpg,1
0956.jpg,1
0957.jpg,0
0958.jpg,1
0959.jpg,1
0960.jpg,0
0961.jpg,1
0962.jpg,1
0963.jpg,1
0964.jpg,1
0965.jpg,1
0966.jpg,0
0967.jpg,1
0968.jpg,0
0969.jpg,1
0970.jpg,1
0971.jpg,1
0972.jpg,1
0973.jpg,1
0974.jpg,0
0975.jpg,1
0976.jpg,1
0977.jpg,1
0978.jpg,1
0979.jpg,1
0980.jpg,1
0981.jpg,1
0982.jpg,1
0983.jpg,1
0984.jpg,0
0985.jpg,1
0986.jpg,1
0987.jpg,1
0988.jpg,1
0989.jpg,1
0990.jpg,0
0991.jpg,1
0992.jpg,1
0993.jpg,1
0994.jpg,1
0995.jpg,1
0996.jpg,0
0997.jpg,1
0998.jpg,1
0999.jpg,1
1000.jpg,1
1001.jpg,1
1002.jpg,1
1003.jpg,1
1004.jpg,1
1005.jpg,1
1006.jpg,1
1007.jpg,1
1008.jpg,0
1009.jpg,1
1010.jpg,1
1011.jpg,1
1012.jpg,1
1013.jpg,0
1014.jpg,1
1015.jpg,1
1016.jpg,1
1017.jpg,1
1018.jpg,1
1019.jpg,1
1020.jpg,1
1021.jpg,1
1022.jpg,0
1023.jpg,0
1024.jpg,1
1025.jpg,1
1026.jpg,1
1027.jpg,0
1028.jpg,1
1029.jpg,0
1030.jpg,1
1031.jpg,1
1032.jpg,1
1033.jpg,1
1034.jpg,1
1035.jpg,1
1036.jpg,1
1037.jpg,0
1038.jpg,0
1039.jpg,0
1040.jpg,1
1041.jpg,1
1042.jpg,1
1043.jpg,1
1044.jpg,1
1045.jpg,1
1046.jpg,1
1047.jpg,1
1048.jpg,1
1049.jpg,1
1050.jpg,1
1051.jpg,1
1052.jpg,0
1053.jpg,0
1054.jpg,0
1055.jpg,0
1056.jpg,1
1057.jpg,1
1058.jpg,1
1059.jpg,1
1060.jpg,1
1061.jpg,1
1062.jpg,1
1063.jpg,1
1064.jpg,1
1065.jpg,0
1066.jpg,1
1067.jpg,1
1068.jpg,1
1069.jpg,1
1070.jpg,1
1071.jpg,1
1072.jpg,1
1073.jpg,1
1074.jpg,1
1075.jpg,1
1076.jpg,1
1077.jpg,1
1078.jpg,1
1079.jpg,1
1080.jpg,1
1081.jpg,1
1082.jpg,1
1083.jpg,1
1084.jpg,1
1085.jpg,1
1086.jpg,1
1087.jpg,1
1088.jpg,1
1089.jpg,1
1090.jpg,1
1091.jpg,1
1092.jpg,1
1093.jpg,1
1094.jpg,1
1095.jpg,1
1096.jpg,1
1097.jpg,1
1098.jpg,1
1099.jpg,1
1100.jpg,1
1101.jpg,1
1102.jpg,1
1103.jpg,1
1104.jpg,1
1105.jpg,1
1106.jpg,1
1107.jpg,1
1108.jpg,1
1109.jpg,1
1110.jpg,1
1111.jpg,1
1112.jpg,0
1113.jpg,1
1114.jpg,1
1115.jpg,1
1116.jpg,1
1117.jpg,1
1118.jpg,1
1119.jpg,1
1120.jpg,1
1121.jpg,1
1122.jpg,1
1123.jpg,1
1124.jpg,1
1125.jpg,1
1126.jpg,1
1127.jpg,1
1128.jpg,1
1129.jpg,1
1130.jpg,1
1131.jpg,1
1132.jpg,1
1133.jpg,1
1134.jpg,1
1135.jpg,1
1136.jpg,1
1137.jpg,1
1138.jpg,1
1139.jpg,1
1140.jpg,1
1141.jpg,1
1142.jpg,1
1143.jpg,1
1144.jpg,1
1145.jpg,1
1146.jpg,1
1147.jpg,1
1148.jpg,1
1149.jpg,1
1150.jpg,1
1152.jpg,0
1153.jpg,1
1154.jpg,1
1155.jpg,1
1156.jpg,1
1157.jpg,1
1158.jpg,1
1159.jpg,1
1160.jpg,1
1161.jpg,1
1162.jpg,1
1163.jpg,1
1164.jpg,1
1165.jpg,1
1166.jpg,1
1167.jpg,1
1168.jpg,1
1169.jpg,1
1170.jpg,1
1171.jpg,1
1172.jpg,1
1173.jpg,1
1174.jpg,1
1175.jpg,1
1176.jpg,0
1177.jpg,1
1178.jpg,1
1179.jpg,0
1180.jpg,0
1181.jpg,1
1182.jpg,1
1183.jpg,1
1184.jpg,1
1185.jpg,1
1186.jpg,1
1187.jpg,1
1188.jpg,1
1189.jpg,1
1190.jpg,1
1191.jpg,1
1192.jpg,1
1193.jpg,0
1194.jpg,1
1195.jpg,1
1196.jpg,1
1197.jpg,1
1198.jpg,1
1199.jpg,1
1200.jpg,1
1201.jpg,1
1202.jpg,1
1203.jpg,1
1204.jpg,1
1205.jpg,1
1206.jpg,0
1207.jpg,1
1208.jpg,0
1209.jpg,1
1210.jpg,0
1211.jpg,1
1212.jpg,1
1213.jpg,1
1214.jpg,1
1215.jpg,0
1216.jpg,1
1217.jpg,1
1218.jpg,0
1219.jpg,1
1220.jpg,1
1221.jpg,1
1222.jpg,1
1223.jpg,1
1224.jpg,1
1225.jpg,1
1226.jpg,1
1227.jpg,1
1228.jpg,1
1229.jpg,1
1230.jpg,1
1231.jpg,1
1232.jpg,1
1233.jpg,1
1234.jpg,0
1235.jpg,1
1236.jpg,1
1237.jpg,1
1238.jpg,1
1239.jpg,1
1240.jpg,1
1241.jpg,1
1242.jpg,1
1243.jpg,1
1244.jpg,1
1245.jpg,1
1246.jpg,0
1247.jpg,1
1248.jpg,1
1249.jpg,1
1250.jpg,1
1251.jpg,1
1252.jpg,1
1253.jpg,1
1254.jpg,1
1255.jpg,1
1256.jpg,1
1257.jpg,1
1258.jpg,1
1259.jpg,1
1260.jpg,0
1261.jpg,1
1262.jpg,0
1263.jpg,1
1264.jpg,1
1265.jpg,1
1266.jpg,1
1267.jpg,1
1268.jpg,1
1269.jpg,1
1270.jpg,1
1271.jpg,1
1272.jpg,1
1273.jpg,1
1274.jpg,1
1275.jpg,1
1276.jpg,1
1277.jpg,1
1278.jpg,1
1279.jpg,1
1280.jpg,1
1281.jpg,1
1282.jpg,1
1283.jpg,1
1284.jpg,1
1285.jpg,1
1286.jpg,1
1287.jpg,1
1288.jpg,1
1289.jpg,1
1290.jpg,1
1291.jpg,0
1292.jpg,1
1293.jpg,1
1294.jpg,1
1295.jpg,1
1296.jpg,1
1297.jpg,1
1298.jpg,1
1299.jpg,1
1300.jpg,1
1301.jpg,1
1302.jpg,1
1303.jpg,1
1304.jpg,1
1305.jpg,1
1306.jpg,1
1307.jpg,1
1308.jpg,1
1309.jpg,1
1310.jpg,1
1311.jpg,1
1312.jpg,1
1313.jpg,0
1314.jpg,1
1315.jpg,1
1316.jpg,1
1317.jpg,1
1318.jpg,1
1319.jpg,0
1320.jpg,1
1321.jpg,1
1322.jpg,1
1323.jpg,1
1324.jpg,1
1325.jpg,1
1326.jpg,1
1327.jpg,0
1328.jpg,1
1329.jpg,1
1330.jpg,1
1331.jpg,1
1332.jpg,1
1333.jpg,0
1334.jpg,1
1335.jpg,1
1336.jpg,1
1337.jpg,1
1338.jpg,1
1339.jpg,1
1341.jpg,1
1342.jpg,1
1343.jpg,1
1344.jpg,1
1345.jpg,1
1346.jpg,1
1347.jpg,1
1348.jpg,1
1349.jpg,1
1350.jpg,1
1351.jpg,1
1352.jpg,1
1353.jpg,1
1354.jpg,1
1355.jpg,1
1356.jpg,0
1357.jpg,1
1358.jpg,0
1359.jpg,1
1360.jpg,1
1361.jpg,1
1362.jpg,1
1363.jpg,0
1364.jpg,1
1365.jpg,1
1366.jpg,1
1367.jpg,1
1368.jpg,0
1369.jpg,1
1370.jpg,0
1371.jpg,1
1372.jpg,1
1373.jpg,1
1374.jpg,1
1375.jpg,1
1376.jpg,1
1377.jpg,1
1378.jpg,1
1379.jpg,1
1380.jpg,1
1381.jpg,1
1382.jpg,1
1383.jpg,1
1384.jpg,1
1385.jpg,1
1386.jpg,1
1387.jpg,0
1388.jpg,1
1389.jpg,1
1390.jpg,1
1391.jpg,1
1392.jpg,1
1393.jpg,1
1394.jpg,1
1395.jpg,1
1396.jpg,1
1397.jpg,1
1398.jpg,1
1399.jpg,1
1400.jpg,1
1401.jpg,1
1402.jpg,0
1403.jpg,1
1404.jpg,1
1405.jpg,1
1406.jpg,1
1407.jpg,1
1408.jpg,0
1409.jpg,1
1410.jpg,0
1411.jpg,0
1412.jpg,1
1413.jpg,1
1414.jpg,1
1415.jpg,1
1416.jpg,1
1417.jpg,1
1418.jpg,1
1419.jpg,0
1420.jpg,1
1421.jpg,1
1422.jpg,1
1423.jpg,1
1424.jpg,1
1425.jpg,1
1426.jpg,1
1427.jpg,1
1428.jpg,1
1429.jpg,1
1430.jpg,1
1431.jpg,0
1432.jpg,0
1433.jpg,1
1434.jpg,1
1435.jpg,1
1436.jpg,1
1437.jpg,1
1438.jpg,1
1439.jpg,1
1440.jpg,1
1448.jpg,1
1462.jpg,1
1463.jpg,1
1464.jpg,1
1465.jpg,1
1466.jpg,1
1467.jpg,1
1468.jpg,1
1469.jpg,1
1470.jpg,1
1471.jpg,0
1472.jpg,1
1473.jpg,1
1474.jpg,1
1475.jpg,1
1476.jpg,1
1477.jpg,1
1478.jpg,1
1479.jpg,1
1480.jpg,1
1481.jpg,0
1482.jpg,0
1483.jpg,0
1484.jpg,1
1485.jpg,1
1486.jpg,1
1487.jpg,1
1488.jpg,1
1489.jpg,1
1490.jpg,1
1491.jpg,1
1492.jpg,1
1493.jpg,1
1494.jpg,1
1495.jpg,1
1496.jpg,1
1497.jpg,1
1498.jpg,1
1499.jpg,1
1500.jpg,0
1501.jpg,1
1502.jpg,0
1503.jpg,1
1504.jpg,1
1505.jpg,0
1506.jpg,1
1507.jpg,1
1508.jpg,1
1509.jpg,1
1510.jpg,1
1511.jpg,1
1512.jpg,0
1513.jpg,1
1514.jpg,1
1515.jpg,1
1516.jpg,1
1517.jpg,1
1518.jpg,1
1519.jpg,1
1520.jpg,1
1521.jpg,1
1522.jpg,1
1523.jpg,1
1524.jpg,1
1525.jpg,1
1526.jpg,1
1527.jpg,1
1528.jpg,1
1529.jpg,0
1530.jpg,1
1531.jpg,0
1532.jpg,1
1533.jpg,1
1534.jpg,1
1535.jpg,1
1536.jpg,1
1537.jpg,1
1538.jpg,1
1539.jpg,0
1540.jpg,0
1541.jpg,1
1542.jpg,1
1543.jpg,1
1544.jpg,1
1545.jpg,1
1546.jpg,1
1547.jpg,1
1548.jpg,1
1549.jpg,0
1550.jpg,1
1551.jpg,1
1552.jpg,1
1553.jpg,1
1554.jpg,1
1555.jpg,1
1556.jpg,1
1557.jpg,1
1558.jpg,1
1559.jpg,1
1560.jpg,1
1561.jpg,1
1562.jpg,1
1563.jpg,1
1564.jpg,1
1565.jpg,1
1566.jpg,1
1567.jpg,1
1568.jpg,1
1569.jpg,1
1570.jpg,0
1571.jpg,1
1572.jpg,1
1573.jpg,1
1574.jpg,1
1575.jpg,1
1576.jpg,1
1577.jpg,1
1578.jpg,1
1579.jpg,1
1580.jpg,1
1581.jpg,0
1582.jpg,1
1583.jpg,0
1584.jpg,1
1585.jpg,1
1586.jpg,1
1587.jpg,1
1588.jpg,1
1589.jpg,0
1590.jpg,0
1591.jpg,0
1592.jpg,0
1593.jpg,1
1594.jpg,1
1595.jpg,1
1596.jpg,1
1597.jpg,1
1598.jpg,1
1599.jpg,1
1600.jpg,1
1601.jpg,1
1602.jpg,1
1603.jpg,1
1604.jpg,1
1605.jpg,1
1606.jpg,1
1607.jpg,1
1608.jpg,1
1609.jpg,0
1610.jpg,1
1611.jpg,1
1612.jpg,1
1613.jpg,1
1614.jpg,1
1615.jpg,0
1616.jpg,1
1617.jpg,1
1618.jpg,1
1619.jpg,1
1620.jpg,1
1621.jpg,1
1622.jpg,1
1623.jpg,1
1624.jpg,1
1625.jpg,1
1626.jpg,1
1627.jpg,0
1628.jpg,1
1629.jpg,1
1630.jpg,0
1631.jpg,1
1632.jpg,1
1633.jpg,1
1634.jpg,1
1635.jpg,1
1636.jpg,1
1637.jpg,1
1638.jpg,0
1639.jpg,0
1640.jpg,1
1641.jpg,1
1642.jpg,1
1643.jpg,1
1644.jpg,1
1645.jpg,1
1646.jpg,1
1647.jpg,1
1648.jpg,1
1649.jpg,1
1650.jpg,1
1651.jpg,1
1652.jpg,1
1653.jpg,1
1654.jpg,1
1655.jpg,1
1656.jpg,1
1657.jpg,1
1658.jpg,0
1659.jpg,1
1660.jpg,0
1661.jpg,1
1662.jpg,0
1663.jpg,0
1664.jpg,1
1665.jpg,1
1666.jpg,1
1667.jpg,1
1668.jpg,1
1669.jpg,1
1670.jpg,0
1671.jpg,1
1672.jpg,1
1673.jpg,1
1674.jpg,1
1675.jpg,1
1676.jpg,1
1677.jpg,1
1678.jpg,1
1679.jpg,1
1680.jpg,0
1681.jpg,1
1682.jpg,1
1683.jpg,1
1684.jpg,1
1685.jpg,0
1686.jpg,1
1687.jpg,1
1688.jpg,1
1689.jpg,1
1690.jpg,1
1691.jpg,1
1692.jpg,1
1693.jpg,1
1694.jpg,1
1695.jpg,1
1696.jpg,0
1697.jpg,1
1698.jpg,1
1699.jpg,1
1700.jpg,0
1701.jpg,1
1702.jpg,1
1703.jpg,1
1704.jpg,1
1705.jpg,1
1706.jpg,1
1707.jpg,0
1708.jpg,1
1709.jpg,1
1710.jpg,1
1711.jpg,0
1712.jpg,1
1713.jpg,1
1714.jpg,0
1715.jpg,1
1716.jpg,0
1717.jpg,1
1718.jpg,1
1719.jpg,1
1720.jpg,0
1721.jpg,1
1722.jpg,1
1723.jpg,1
1724.jpg,1
1725.jpg,1
1726.jpg,1
1727.jpg,1
1728.jpg,1
1729.jpg,0
1730.jpg,1
1731.jpg,1
1732.jpg,0
1733.jpg,1
1734.jpg,1
1735.jpg,1
1736.jpg,1
1737.jpg,1
1738.jpg,1
1739.jpg,0
1740.jpg,0
1741.jpg,1
1742.jpg,0
1743.jpg,0
1744.jpg,0
1745.jpg,0
1746.jpg,1
1747.jpg,1
1748.jpg,1
1749.jpg,0
1750.jpg,1
1751.jpg,1
1752.jpg,1
1753.jpg,1
1754.jpg,1
1755.jpg,1
1756.jpg,1
1757.jpg,0
1758.jpg,0
1759.jpg,0
1760.jpg,0
1761.jpg,1
1762.jpg,0
1763.jpg,1
1764.jpg,1
1765.jpg,0
1766.jpg,1
1767.jpg,1
1768.jpg,0
1769.jpg,1
1770.jpg,1
1771.jpg,1
1772.jpg,1
1773.jpg,0
1774.jpg,0
1775.jpg,0
1776.jpg,0
1777.jpg,1
1778.jpg,0
1779.jpg,1
1780.jpg,0
1781.jpg,1
1782.jpg,0
1783.jpg,0
1784.jpg,1
1785.jpg,1
1786.jpg,0
1787.jpg,1
1788.jpg,0
1789.jpg,0
1790.jpg,0
1791.jpg,1
1792.jpg,1
1793.jpg,0
1794.jpg,0
1795.jpg,0
1796.jpg,0
1797.jpg,0
1798.jpg,0
1799.jpg,1
1800.jpg,1
1801.jpg,1
1802.jpg,1
1803.jpg,1
1804.jpg,1
1805.jpg,1
1806.jpg,1
1807.jpg,1
1808.jpg,1
1809.jpg,1
1810.jpg,1
1811.jpg,1
1812.jpg,1
1813.jpg,1
1814.jpg,1
1815.jpg,1
1816.jpg,1
1817.jpg,1
1818.jpg,1
1819.jpg,1
1820.jpg,1
1821.jpg,1
1822.jpg,1
1823.jpg,1
1824.jpg,1
1825.jpg,1
1826.jpg,1
1827.jpg,1
1828.jpg,1
1829.jpg,1
1830.jpg,1
1831.jpg,1
1832.jpg,1
1833.jpg,1
1834.jpg,1
1835.jpg,1
1836.jpg,1
1837.jpg,1
1838.jpg,0
1839.jpg,0
1840.jpg,1
1841.jpg,1
1842.jpg,1
1843.jpg,1
1844.jpg,0
1845.jpg,1
1846.jpg,1
1847.jpg,1
1848.jpg,1
1849.jpg,1
1850.jpg,1
1851.jpg,1
1852.jpg,1
1853.jpg,1
1854.jpg,1
1855.jpg,1
1856.jpg,0
1857.jpg,0
1858.jpg,0
1859.jpg,1
1860.jpg,1
1861.jpg,1
1862.jpg,1
1863.jpg,1
1864.jpg,1
1865.jpg,1
1866.jpg,1
1867.jpg,1
1868.jpg,1
1869.jpg,1
1870.jpg,1
1871.jpg,1
1872.jpg,1
1873.jpg,1
1874.jpg,1
1875.jpg,1
1876.jpg,1
1877.jpg,1
1878.jpg,1
1879.jpg,1
1880.jpg,1
1881.jpg,1
1882.jpg,1
1883.jpg,1
1884.jpg,1
1885.jpg,1
1886.jpg,1
1887.jpg,1
1888.jpg,1
1889.jpg,1
1890.jpg,1
1891.jpg,1
1892.jpg,1
1893.jpg,1
1894.jpg,1
1895.jpg,1
1896.jpg,1
1897.jpg,1
1898.jpg,1
1899.jpg,1
1900.jpg,1
1901.jpg,1
1902.jpg,1
1903.jpg,1
1904.jpg,1
1905.jpg,1
1906.jpg,1
1907.jpg,1
1908.jpg,1
1909.jpg,1
1910.jpg,1
1911.jpg,1
1912.jpg,1
1913.jpg,1
1914.jpg,1
1915.jpg,1
1916.jpg,1
1917.jpg,1
1918.jpg,1
1919.jpg,1
1920.jpg,1
1921.jpg,1
1922.jpg,1
1923.jpg,1
1924.jpg,1
1925.jpg,1
1926.jpg,1
1927.jpg,1
1928.jpg,1
1929.jpg,1
1930.jpg,1
1931.jpg,1
1932.jpg,1
1933.jpg,1
1934.jpg,1
1935.jpg,1
1936.jpg,1
1937.jpg,1
1938.jpg,1
1939.jpg,1
1940.jpg,1
1941.jpg,1
1942.jpg,1
1943.jpg,1
1944.jpg,1
1945.jpg,1
1946.jpg,1
1947.jpg,1
1948.jpg,1
1949.jpg,1
1950.jpg,1
1951.jpg,1
1952.jpg,1
1953.jpg,1
1954.jpg,1
1955.jpg,1
1956.jpg,1
1957.jpg,1
1958.jpg,1
1959.jpg,1
1960.jpg,1
1961.jpg,1
1962.jpg,1
1963.jpg,1
1964.jpg,1
1965.jpg,1
1966.jpg,1
1967.jpg,1
1968.jpg,1
1969.jpg,1
1970.jpg,1
1971.jpg,1
1972.jpg,1
1973.jpg,1
1974.jpg,1
1975.jpg,1
1976.jpg,1
1977.jpg,1
1978.jpg,1
1979.jpg,1
1980.jpg,1
1981.jpg,1
1982.jpg,1
1983.jpg,1
1984.jpg,1
1985.jpg,1
1986.jpg,1
1987.jpg,1
1988.jpg,1
1989.jpg,1
1990.jpg,1
1991.jpg,1
1992.jpg,1
1993.jpg,1
1994.jpg,1
1995.jpg,1
1996.jpg,1
1997.jpg,1
1998.jpg,1
1999.jpg,1
2000.jpg,1
2001.jpg,1
2002.jpg,1
2003.jpg,1
2004.jpg,1
2005.jpg,1
2006.jpg,1
2007.jpg,1
2008.jpg,1
2009.jpg,1
2010.jpg,1
2011.jpg,1
2012.jpg,1
2013.jpg,1
2014.jpg,1
2015.jpg,1
2016.jpg,1
2017.jpg,1
2018.jpg,1
2019.jpg,1
2020.jpg,1
2021.jpg,1
2022.jpg,1
2023.jpg,1
2024.jpg,1
2025.jpg,1
2026.jpg,1
2027.jpg,1
2028.jpg,1
2029.jpg,1
2030.jpg,1
2031.jpg,1
2032.jpg,1
2033.jpg,1
2034.jpg,1
2035.jpg,1
2036.jpg,1
2037.jpg,1
2038.jpg,1
2039.jpg,1
2040.jpg,1
2041.jpg,1
2042.jpg,1
2043.jpg,1
2044.jpg,1
2045.jpg,1
2046.jpg,1
2047.jpg,1
2048.jpg,0
2049.jpg,0
2050.jpg,0
2051.jpg,0
2052.jpg,0
2053.jpg,0
2054.jpg,0
2055.jpg,0
2056.jpg,0
2057.jpg,0
2058.jpg,0
2059.jpg,0
2060.jpg,0
2061.jpg,1
2062.jpg,0
2063.jpg,0
2064.jpg,1
2065.jpg,0
2066.jpg,0
2067.jpg,0
2068.jpg,0
2069.jpg,1
2070.jpg,0
2071.jpg,0
2072.jpg,0
2073.jpg,0
2074.jpg,0
2075.jpg,0
2076.jpg,0
2077.jpg,0
2078.jpg,0
2079.jpg,0
2080.jpg,0
2081.jpg,1
2082.jpg,1
2083.jpg,0
2084.jpg,0
2085.jpg,0
2086.jpg,1
2087.jpg,0
2088.jpg,1
2089.jpg,0
2090.jpg,0
2091.jpg,0
2092.jpg,0
2093.jpg,0
2094.jpg,0
2095.jpg,1
2096.jpg,1
2097.jpg,1
2098.jpg,1
2099.jpg,0
2100.jpg,1
2101.jpg,0
2102.jpg,0
2103.jpg,0
2104.jpg,0
2105.jpg,1
2106.jpg,0
2107.jpg,1
2108.jpg,0
2109.jpg,1
2110.jpg,1
2111.jpg,1
2112.jpg,1
2113.jpg,0
2114.jpg,1
2115.jpg,1
2116.jpg,1
2117.jpg,1
2118.jpg,1
2119.jpg,1
2120.jpg,1
2121.jpg,1
2122.jpg,0
2123.jpg,0
2124.jpg,0
2125.jpg,0
2126.jpg,0
2127.jpg,0
2128.jpg,1
2129.jpg,0
2130.jpg,0
2131.jpg,0
2132.jpg,0
2133.jpg,0
2134.jpg,0
2135.jpg,0
2136.jpg,0
2137.jpg,0
2138.jpg,0
2139.jpg,0
2140.jpg,0
2141.jpg,0
2142.jpg,0
2143.jpg,0
2144.jpg,0
2145.jpg,0
2146.jpg,0
2147.jpg,0
2148.jpg,0
2149.jpg,0
2150.jpg,0
2151.jpg,0
2152.jpg,0
2153.jpg,0
2154.jpg,0
2155.jpg,0
2156.jpg,0
2157.jpg,1
2158.jpg,0
2159.jpg,0
2160.jpg,0
2161.jpg,0
2162.jpg,0
2163.jpg,0
2164.jpg,0
2165.jpg,1
2166.jpg,1
2167.jpg,1
2168.jpg,1
2169.jpg,1
2170.jpg,1
2171.jpg,1
2172.jpg,1
2173.jpg,1
2174.jpg,1
2175.jpg,1
2176.jpg,1
2177.jpg,1
2178.jpg,1
2179.jpg,1
2180.jpg,1
2181.jpg,1
2182.jpg,1
2183.jpg,0
2184.jpg,1
2185.jpg,1
2186.jpg,0
2187.jpg,1
2188.jpg,1
2189.jpg,1
2190.jpg,1
2191.jpg,1
2192.jpg,1
2193.jpg,0
2194.jpg,0
2195.jpg,1
2196.jpg,1
2197.jpg,1
2198.jpg,0
2199.jpg,1
2200.jpg,1
2201.jpg,1
2202.jpg,1
2203.jpg,1
2204.jpg,1
2205.jpg,1
2206.jpg,1
2207.jpg,1
2208.jpg,1
2209.jpg,1
2210.jpg,1
2211.jpg,1
2212.jpg,1
2213.jpg,1
2214.jpg,1
2215.jpg,1
2216.jpg,1
2217.jpg,1
2218.jpg,1
2219.jpg,1
2220.jpg,1
2221.jpg,1
2222.jpg,1
2223.jpg,1
2224.jpg,1
2225.jpg,1
2226.jpg,1
2227.jpg,1
2228.jpg,1
2229.jpg,1
2230.jpg,1
2231.jpg,1
2232.jpg,0
2233.jpg,0
2234.jpg,0
2235.jpg,0
2236.jpg,0
2237.jpg,0
2238.jpg,1
2239.jpg,1
2240.jpg,1
2241.jpg,1
2242.jpg,1
2243.jpg,1
2244.jpg,1
2245.jpg,1
2246.jpg,1
2247.jpg,1
2248.jpg,1
2249.jpg,1
2250.jpg,1
2251.jpg,1
2252.jpg,1
2253.jpg,1
2254.jpg,1
2255.jpg,1
2256.jpg,1
2257.jpg,1
2258.jpg,1
2259.jpg,1
2260.jpg,1
2261.jpg,1
2262.jpg,1
2263.jpg,1
2264.jpg,1
2265.jpg,1
2266.jpg,1
2267.jpg,1
2268.jpg,1
2269.jpg,1
2270.jpg,1
2271.jpg,1
2272.jpg,1
2273.jpg,1
2274.jpg,1
2275.jpg,1
2276.jpg,0
2277.jpg,1
2278.jpg,1
2279.jpg,1
2280.jpg,0
2281.jpg,1
2282.jpg,1
2283.jpg,1
2284.jpg,1
2285.jpg,0
2286.jpg,1
2287.jpg,1
2288.jpg,1
2289.jpg,0
2303.jpg,0
2304.jpg,1
2305.jpg,1
2306.jpg,1
2307.jpg,1
2309.jpg,1
2310.jpg,1
2311.jpg,1
2312.jpg,1
2313.jpg,1
2314.jpg,1
2315.jpg,1
2316.jpg,1
2317.jpg,1
2318.jpg,1
2319.jpg,1
2320.jpg,1
2321.jpg,0
2322.jpg,0
2323.jpg,0
2324.jpg,0
2325.jpg,0
2326.jpg,0
2327.jpg,0
2328.jpg,0
2329.jpg,0
2330.jpg,0
2331.jpg,0
2332.jpg,0
2333.jpg,0
2334.jpg,0
2335.jpg,0
2336.jpg,0
2337.jpg,0
2338.jpg,0
2339.jpg,0
2340.jpg,0
2341.jpg,0
2342.jpg,0
2343.jpg,0
2344.jpg,0
2345.jpg,0
2346.jpg,0
2347.jpg,0
2348.jpg,0
2349.jpg,1
2350.jpg,1
2351.jpg,1
2352.jpg,1
2353.jpg,1
2354.jpg,1
2355.jpg,1
2356.jpg,1
2357.jpg,1
2358.jpg,1
2359.jpg,1
2360.jpg,1
2361.jpg,1
2362.jpg,1
2363.jpg,1
2364.jpg,1
2365.jpg,1
2366.jpg,1
2367.jpg,1
2368.jpg,1
2369.jpg,1
2370.jpg,1
2371.jpg,1
2372.jpg,1
2373.jpg,1
2374.jpg,1
2375.jpg,1
2376.jpg,1
2377.jpg,1
2378.jpg,1
2379.jpg,1
2380.jpg,1
2381.jpg,1
2382.jpg,1
2383.jpg,1
2384.jpg,1
2385.jpg,1
2386.jpg,1
2387.jpg,1
2388.jpg,1
2389.jpg,1
2390.jpg,1
2391.jpg,1
2392.jpg,1
2393.jpg,1
2394.jpg,1
2395.jpg,1
2396.jpg,1
2397.jpg,0
2398.jpg,1
2399.jpg,0
2400.jpg,1
2401.jpg,1
2402.jpg,1
2403.jpg,1
2404.jpg,1
2405.jpg,1
2406.jpg,1
2407.jpg,1
2408.jpg,1
2409.jpg,1
2410.jpg,1
2411.jpg,1
2412.jpg,1
2413.jpg,1
2414.jpg,1
2415.jpg,1
2416.jpg,1
2417.jpg,1
2418.jpg,1
2419.jpg,1
2420.jpg,0
2421.jpg,0
2422.jpg,0
2423.jpg,0
2424.jpg,0
2425.jpg,1
2426.jpg,0
2427.jpg,0
2428.jpg,0
2429.jpg,1
2430.jpg,0
2431.jpg,1
2432.jpg,0
2433.jpg,1
2434.jpg,0
2435.jpg,0
2436.jpg,1
2437.jpg,1
2438.jpg,1
2439.jpg,1
2440.jpg,1
2441.jpg,0
2442.jpg,0
2443.jpg,0
2444.jpg,0
2445.jpg,0
2446.jpg,1
2447.jpg,1
2448.jpg,0
2449.jpg,0
2450.jpg,1
2451.jpg,0
2452.jpg,1
2453.jpg,0
2454.jpg,1
2455.jpg,1
2456.jpg,0
2457.jpg,0
2458.jpg,0
2459.jpg,1
2460.jpg,1
2461.jpg,0
2462.jpg,1
2463.jpg,1
2464.jpg,1
2465.jpg,0
2466.jpg,0
2467.jpg,1
2468.jpg,1
2469.jpg,0
2470.jpg,1
2471.jpg,1
2472.jpg,1
2473.jpg,0
2474.jpg,1
2475.jpg,0
2476.jpg,0
2477.jpg,0
2478.jpg,1
2479.jpg,0
2480.jpg,0
2481.jpg,1
2482.jpg,1
2483.jpg,1
2484.jpg,0
2485.jpg,1
2486.jpg,0
2487.jpg,0
2488.jpg,0
2489.jpg,0
2490.jpg,0
2491.jpg,1
2492.jpg,1
2493.jpg,1
2494.jpg,0
2495.jpg,1
2496.jpg,1
2497.jpg,1
2498.jpg,0
2499.jpg,1
2500.jpg,1
2501.jpg,0
2502.jpg,1
2503.jpg,0
2504.jpg,1
2505.jpg,0
2506.jpg,1
2507.jpg,0
2508.jpg,1
2509.jpg,0
2510.jpg,1
2511.jpg,0
2512.jpg,0
2513.jpg,0
2514.jpg,0
2515.jpg,1
2516.jpg,0
2517.jpg,1
2518.jpg,0
2519.jpg,1
2520.jpg,0
2521.jpg,0
2522.jpg,1
2523.jpg,0
2524.jpg,0
2525.jpg,0
2526.jpg,0
2527.jpg,1
2528.jpg,0
2529.jpg,1
2530.jpg,0
2531.jpg,0
2532.jpg,1
2533.jpg,0
2534.jpg,1
2535.jpg,1
2536.jpg,1
2537.jpg,1
2538.jpg,1
2539.jpg,1
2540.jpg,1
2541.jpg,1
2542.jpg,1
2543.jpg,0
2544.jpg,0
2545.jpg,1
2546.jpg,0
2547.jpg,0
2548.jpg,0
2549.jpg,0
2550.jpg,0
2551.jpg,1
2552.jpg,0
2553.jpg,1
2554.jpg,1
2555.jpg,0
2556.jpg,0
2557.jpg,0
2558.jpg,1
2559.jpg,1
2560.jpg,0
2561.jpg,1
2562.jpg,0
2563.jpg,1
2564.jpg,0
2565.jpg,0
2566.jpg,1
2567.jpg,1
2568.jpg,0
2569.jpg,1
2570.jpg,1
2571.jpg,0
2572.jpg,0
2573.jpg,1
2574.jpg,1
2575.jpg,1
2576.jpg,1
2577.jpg,1
2578.jpg,1
2579.jpg,0
2580.jpg,1
2581.jpg,1
2582.jpg,1
2583.jpg,1
2584.jpg,1
2585.jpg,1
2586.jpg,1
2587.jpg,0
2588.jpg,1
2589.jpg,0
2590.jpg,1
2591.jpg,0
2592.jpg,1
2593.jpg,0
2594.jpg,0
2595.jpg,1
2596.jpg,0
2597.jpg,0
2598.jpg,0
2599.jpg,1
2600.jpg,1
2601.jpg,0
2602.jpg,1
2603.jpg,0
2604.jpg,0
2605.jpg,1
2606.jpg,1
2607.jpg,0
2608.jpg,1
2609.jpg,1
2610.jpg,0
2611.jpg,1
2612.jpg,0
2613.jpg,0
2614.jpg,0
2615.jpg,0
2616.jpg,0
2617.jpg,0
2618.jpg,1
2619.jpg,0
2620.jpg,0
2621.jpg,0
2622.jpg,0
2623.jpg,0
2624.jpg,0
2625.jpg,1
2626.jpg,0
2627.jpg,1
2628.jpg,1
2629.jpg,1
2630.jpg,1
2631.jpg,0
2632.jpg,0
2633.jpg,0
2634.jpg,0
2635.jpg,0
2636.jpg,0
2637.jpg,0
2638.jpg,0
2639.jpg,0
2640.jpg,0
2641.jpg,0
2642.jpg,0
2643.jpg,1
2644.jpg,0
2645.jpg,1
2646.jpg,1
2647.jpg,1
2648.jpg,1
2649.jpg,1
2650.jpg,1
2651.jpg,1
2652.jpg,0
2653.jpg,1
2654.jpg,1
2655.jpg,1
2656.jpg,0
2657.jpg,1
2658.jpg,0
2659.jpg,1
2660.jpg,1
2661.jpg,1
2662.jpg,1
2663.jpg,1
2664.jpg,1
2665.jpg,1
2666.jpg,1
2667.jpg,0
2668.jpg,1
2669.jpg,1
2670.jpg,1
2671.jpg,0
2672.jpg,0
2673.jpg,0
2674.jpg,1
2675.jpg,1
2676.jpg,1
2677.jpg,0
2678.jpg,0
2679.jpg,0
2680.jpg,0
2681.jpg,0
2682.jpg,0
2683.jpg,0
2684.jpg,0
2685.jpg,0
2686.jpg,0
2687.jpg,0
2688.jpg,0
2689.jpg,0
2690.jpg,0
2691.jpg,0
2692.jpg,0
2693.jpg,0
2694.jpg,0
2695.jpg,0
2696.jpg,0
2697.jpg,0
2698.jpg,0
2699.jpg,0
2700.jpg,0
2701.jpg,0
2702.jpg,0
2703.jpg,0
2704.jpg,0
2705.jpg,0
2706.jpg,0
2707.jpg,0
2708.jpg,0
2709.jpg,0
2710.jpg,0
2711.jpg,0
2712.jpg,0
2713.jpg,0
2714.jpg,0
2715.jpg,0
2716.jpg,0
2717.jpg,0
2718.jpg,0
2719.jpg,0
2720.jpg,0
2721.jpg,0
2722.jpg,0
2723.jpg,0
2724.jpg,0
2725.jpg,0
2726.jpg,0
2727.jpg,0
2728.jpg,0
2729.jpg,0
2730.jpg,0
2731.jpg,0
2732.jpg,0
2733.jpg,0
2734.jpg,0
2735.jpg,0
2736.jpg,0
2737.jpg,0
2738.jpg,0
2739.jpg,0
2740.jpg,0
2741.jpg,0
2742.jpg,0
2743.jpg,0
2744.jpg,0
2745.jpg,0
2746.jpg,0
2747.jpg,0
2748.jpg,0
2749.jpg,0
2750.jpg,0
2751.jpg,0
2752.jpg,0
2753.jpg,0
2754.jpg,0
2755.jpg,0
2756.jpg,0
2757.jpg,1
2758.jpg,1
2759.jpg,1
2760.jpg,1
2761.jpg,1
2762.jpg,1
2763.jpg,1
2764.jpg,1
2765.jpg,1
2766.jpg,1
2767.jpg,1
2768.jpg,1
2769.jpg,1
2770.jpg,1
2771.jpg,1
2772.jpg,1
2773.jpg,1
2774.jpg,1
2775.jpg,1
2776.jpg,1
2777.jpg,1
2778.jpg,1
2779.jpg,1
2780.jpg,1
2781.jpg,1
2782.jpg,1
2783.jpg,1
2784.jpg,1
2785.jpg,1
2786.jpg,1
2787.jpg,1
2788.jpg,1
2789.jpg,0
2790.jpg,1
2791.jpg,0
2792.jpg,1
2793.jpg,0
2794.jpg,1
2795.jpg,1
2796.jpg,1
2797.jpg,1
2798.jpg,1
2799.jpg,0
2800.jpg,1
2801.jpg,1
2802.jpg,0
2803.jpg,1
2804.jpg,0
2805.jpg,1
2806.jpg,0
2807.jpg,1
2808.jpg,0
2809.jpg,0
2810.jpg,0
2811.jpg,0
2812.jpg,1
2813.jpg,1
2814.jpg,1
2815.jpg,1
2816.jpg,0
2817.jpg,1
2818.jpg,1
2819.jpg,1
2820.jpg,1
2821.jpg,1
2822.jpg,1
2823.jpg,1
2824.jpg,1
2825.jpg,1
2827.jpg,1
2828.jpg,1
2829.jpg,1
2830.jpg,1
2831.jpg,1
2832.jpg,1
2833.jpg,1
2834.jpg,1
2835.jpg,1
2836.jpg,1
2837.jpg,1
2838.jpg,1
2839.jpg,1
2840.jpg,1
2841.jpg,1
2842.jpg,1
2843.jpg,1
2844.jpg,1
2845.jpg,1
2846.jpg,1
2847.jpg,1
2848.jpg,1
2849.jpg,1
2850.jpg,1
2851.jpg,1
2852.jpg,1
2853.jpg,1
2854.jpg,1
2855.jpg,1
2856.jpg,1
2857.jpg,1
2858.jpg,1
2859.jpg,1
2860.jpg,0
2861.jpg,1
2862.jpg,1
2863.jpg,1
2864.jpg,1
2865.jpg,1
2866.jpg,1
2867.jpg,1
2868.jpg,1
2869.jpg,1
2870.jpg,1
2871.jpg,1
2872.jpg,1
2873.jpg,0
2874.jpg,0
2875.jpg,1
2876.jpg,1
2877.jpg,1
2878.jpg,1
2879.jpg,1
2880.jpg,1
2881.jpg,1
2882.jpg,1
2883.jpg,0
2884.jpg,1
2885.jpg,1
2886.jpg,1
2887.jpg,1
2888.jpg,1
2889.jpg,1
2890.jpg,1
2891.jpg,1
2892.jpg,0
2893.jpg,1
2894.jpg,1
2895.jpg,0
2896.jpg,0
2897.jpg,1
2898.jpg,1
2899.jpg,1
2900.jpg,0
2901.jpg,1
2902.jpg,1
2903.jpg,0
2904.jpg,1
2905.jpg,1
2906.jpg,1
2907.jpg,1
2908.jpg,1
2909.jpg,1
2910.jpg,0
2911.jpg,0
2912.jpg,1
2913.jpg,0
2914.jpg,0
2915.jpg,1
2916.jpg,1
2917.jpg,1
2918.jpg,0
2919.jpg,1
2920.jpg,1
2921.jpg,0
2922.jpg,1
2923.jpg,0
2924.jpg,1
2925.jpg,1
2926.jpg,1
2927.jpg,1
2928.jpg,0
2929.jpg,1
2930.jpg,0
2931.jpg,1
2932.jpg,1
2933.jpg,1
2934.jpg,1
2935.jpg,1
2936.jpg,1
2937.jpg,1
2938.jpg,1
2939.jpg,0
2940.jpg,1
2941.jpg,0
2942.jpg,0
2943.jpg,1
2944.jpg,1
2945.jpg,1
2946.jpg,1
2947.jpg,0
2948.jpg,0
2949.jpg,0
2950.jpg,0
2951.jpg,0
2952.jpg,0
2953.jpg,0
2954.jpg,0
2955.jpg,0
2956.jpg,0
2957.jpg,0
2958.jpg,0
2959.jpg,0
2960.jpg,0
2961.jpg,0
2962.jpg,0
2963.jpg,0
2964.jpg,0
2965.jpg,0
2966.jpg,0
2967.jpg,0
2968.jpg,0
2969.jpg,0
2970.jpg,0
2971.jpg,0
2972.jpg,0
2973.jpg,0
2974.jpg,0
2975.jpg,0
2976.jpg,0
2977.jpg,0
2978.jpg,0
2979.jpg,0
2980.jpg,0
2981.jpg,0
2982.jpg,0
2983.jpg,0
2984.jpg,0
2985.jpg,0
2986.jpg,0
2987.jpg,0
2988.jpg,0
2989.jpg,0
2990.jpg,0
2991.jpg,0
2992.jpg,0
2993.jpg,0
2994.jpg,0
2995.jpg,0
2996.jpg,0
2997.jpg,1
2998.jpg,0
2999.jpg,1
3000.jpg,0
3001.jpg,0
3002.jpg,0
3003.jpg,0
3004.jpg,0
3005.jpg,0
3006.jpg,0
3007.jpg,1
3008.jpg,0
3009.jpg,0
3010.jpg,0
3011.jpg,0
3012.jpg,0
3013.jpg,0
3014.jpg,0
3015.jpg,0
3016.jpg,1
3017.jpg,0
3018.jpg,0
3019.jpg,0
3020.jpg,0
3021.jpg,0
3022.jpg,0
3023.jpg,0
3024.jpg,0
3025.jpg,0
3026.jpg,0
3027.jpg,0
3028.jpg,0
3029.jpg,0
3030.jpg,0
3031.jpg,0
3032.jpg,0
3033.jpg,0
3034.jpg,0
3035.jpg,0
3036.jpg,0
3037.jpg,1
3038.jpg,0
3039.jpg,0
3040.jpg,0
3041.jpg,0
3042.jpg,0
3043.jpg,0
3044.jpg,1
3045.jpg,0
3046.jpg,1
3047.jpg,0
3048.jpg,0
3049.jpg,0
3050.jpg,0
3051.jpg,0
3052.jpg,0
3053.jpg,1
3054.jpg,0
3055.jpg,0
3056.jpg,1
3057.jpg,0
3058.jpg,0
3059.jpg,0
3060.jpg,0
3061.jpg,0
3062.jpg,0
3063.jpg,0
3064.jpg,0
3065.jpg,0
3066.jpg,0
3067.jpg,0
3068.jpg,0
3069.jpg,0
3070.jpg,0
3071.jpg,0
3072.jpg,0
3073.jpg,0
3074.jpg,0
3075.jpg,0
3076.jpg,0
3077.jpg,1
3078.jpg,1
3079.jpg,0
3080.jpg,0
3081.jpg,1
3082.jpg,0
3083.jpg,0
3084.jpg,0
3085.jpg,1
3086.jpg,1
3087.jpg,1
3088.jpg,1
3089.jpg,1
3090.jpg,1
3091.jpg,1
3092.jpg,0
3093.jpg,1
3094.jpg,1
3095.jpg,1
3096.jpg,0
3097.jpg,1
3098.jpg,1
3099.jpg,1
3100.jpg,0
3101.jpg,0
3102.jpg,0
3103.jpg,0
3104.jpg,0
3105.jpg,0
3106.jpg,0
3107.jpg,1
3108.jpg,0
3109.jpg,0
3110.jpg,0
3111.jpg,0
3112.jpg,0
3113.jpg,0
3114.jpg,0
3115.jpg,0
3116.jpg,0
3117.jpg,1
3118.jpg,0
3119.jpg,0
3120.jpg,0
3121.jpg,1
3122.jpg,0
3123.jpg,1
3124.jpg,0
3125.jpg,0
3126.jpg,1
3127.jpg,1
3128.jpg,1
3129.jpg,0
3130.jpg,1
3131.jpg,1
3132.jpg,0
3133.jpg,0
3134.jpg,0
3135.jpg,0
3136.jpg,0
3137.jpg,0
3138.jpg,0
3139.jpg,0
3140.jpg,0
3141.jpg,0
3142.jpg,0
3143.jpg,1
3144.jpg,0
3145.jpg,0
3146.jpg,0
3147.jpg,0
3148.jpg,1
3149.jpg,0
3150.jpg,1
3151.jpg,0
3152.jpg,0
3153.jpg,1
3154.jpg,0
3155.jpg,1
3156.jpg,1
3157.jpg,0
3158.jpg,0
3159.jpg,0
3160.jpg,0
3161.jpg,0
3162.jpg,0
3163.jpg,0
3164.jpg,0
3165.jpg,0
3166.jpg,0
3167.jpg,1
3168.jpg,0
3169.jpg,0
3170.jpg,0
3171.jpg,0
3172.jpg,1
3173.jpg,0
3174.jpg,0
3175.jpg,1
3176.jpg,1
3177.jpg,1
3178.jpg,1
3179.jpg,1
3180.jpg,1
3181.jpg,0
3182.jpg,1
3183.jpg,1
3184.jpg,1
3185.jpg,0
3186.jpg,0
3187.jpg,1
3188.jpg,0
3189.jpg,1
3190.jpg,0
3191.jpg,1
3192.jpg,0
3193.jpg,0
3194.jpg,0
3195.jpg,0
3196.jpg,0
3197.jpg,0
3198.jpg,0
3199.jpg,1
3200.jpg,0
3201.jpg,1
3202.jpg,0
3203.jpg,0
3204.jpg,1
3205.jpg,1
3206.jpg,1
3207.jpg,0
3208.jpg,1
3209.jpg,0
3210.jpg,1
3211.jpg,0
3212.jpg,1
3213.jpg,1
3214.jpg,1
3215.jpg,0
3216.jpg,1
3217.jpg,1
3218.jpg,1
3219.jpg,0
3220.jpg,0
3221.jpg,1
3222.jpg,1
3223.jpg,0
3224.jpg,0
3225.jpg,1
3226.jpg,1
3227.jpg,0
3228.jpg,1
3229.jpg,1
3230.jpg,1
3231.jpg,0
3232.jpg,1
3233.jpg,0
3234.jpg,1
3235.jpg,1
3236.jpg,0
3237.jpg,1
3238.jpg,1
3239.jpg,0
3240.jpg,0
3241.jpg,1
3242.jpg,1
3243.jpg,1
3244.jpg,1
3245.jpg,1
3246.jpg,1
3247.jpg,0
3248.jpg,1
3249.jpg,1
3250.jpg,1
3251.jpg,1
3252.jpg,1
3253.jpg,0
3254.jpg,0
3255.jpg,1
3256.jpg,1
3257.jpg,1
3258.jpg,0
3259.jpg,1
3260.jpg,0
3261.jpg,1
3262.jpg,0
3263.jpg,1
3264.jpg,1
3265.jpg,1
3266.jpg,0
3267.jpg,1
3268.jpg,0
3269.jpg,1
3270.jpg,1
3271.jpg,1
3272.jpg,1
3273.jpg,0
3274.jpg,0
3275.jpg,1
3276.jpg,0
3277.jpg,1
3278.jpg,0
3279.jpg,0
3280.jpg,1
3281.jpg,0
3282.jpg,1
3283.jpg,0
3284.jpg,1
3285.jpg,1
3286.jpg,1
3287.jpg,1
3288.jpg,0
3289.jpg,0
3290.jpg,0
3291.jpg,1
3292.jpg,0
3293.jpg,0
3294.jpg,1
3295.jpg,0
3296.jpg,0
3297.jpg,1
3298.jpg,0
3299.jpg,1
3300.jpg,1
3301.jpg,1
3302.jpg,0
3303.jpg,0
3304.jpg,0
3305.jpg,1
3306.jpg,1
3307.jpg,1
3308.jpg,1
3309.jpg,1
3310.jpg,1
3311.jpg,1
3312.jpg,0
3313.jpg,1
3314.jpg,0
3315.jpg,1
3316.jpg,1
3317.jpg,0
3318.jpg,1
3319.jpg,0
3320.jpg,0
3321.jpg,1
3322.jpg,1
3323.jpg,0
3324.jpg,1
3325.jpg,1
3326.jpg,1
3328.jpg,1
3329.jpg,1
3330.jpg,1
3331.jpg,1
3332.jpg,1
3333.jpg,0
3334.jpg,0
3335.jpg,0
3336.jpg,1
3337.jpg,0
3338.jpg,1
3339.jpg,0
3340.jpg,1
3341.jpg,1
3342.jpg,1
3343.jpg,1
3344.jpg,1
3345.jpg,1
3346.jpg,1
3347.jpg,1
3348.jpg,1
3349.jpg,1
3350.jpg,1
3351.jpg,0
3352.jpg,1
3353.jpg,1
3354.jpg,1
3355.jpg,1
3356.jpg,1
3357.jpg,1
3358.jpg,1
3359.jpg,1
3360.jpg,1
3361.jpg,1
3362.jpg,1
3363.jpg,0
3364.jpg,1
3365.jpg,1
3366.jpg,1
3367.jpg,1
3368.jpg,1
3369.jpg,0
3370.jpg,0
3371.jpg,1
3372.jpg,1
3373.jpg,1
3374.jpg,1
3375.jpg,0
3376.jpg,1
3377.jpg,0
3378.jpg,1
3379.jpg,1
3380.jpg,0
3382.jpg,1
3383.jpg,1
3384.jpg,1
3385.jpg,0
3386.jpg,1
3387.jpg,1
3388.jpg,1
3389.jpg,1
3390.jpg,1
3391.jpg,0
3392.jpg,1
3393.jpg,0
3394.jpg,0
3395.jpg,0
3396.jpg,1
3397.jpg,1
3398.jpg,1
3399.jpg,1
3400.jpg,1
3401.jpg,1
3402.jpg,1
3403.jpg,1
3404.jpg,0
3405.jpg,1
3406.jpg,1
3407.jpg,0
3408.jpg,1
3409.jpg,0
3410.jpg,1
3411.jpg,0
3412.jpg,0
3413.jpg,1
3414.jpg,0
3415.jpg,1
3416.jpg,0
3417.jpg,1
3418.jpg,1
3419.jpg,1
3420.jpg,0
3421.jpg,1
3422.jpg,1
3423.jpg,1
3424.jpg,1
3425.jpg,0
3426.jpg,1
3427.jpg,0
3428.jpg,1
3429.jpg,1
3430.jpg,1
3431.jpg,1
3432.jpg,1
3433.jpg,0
3435.jpg,1
3436.jpg,0
3437.jpg,1
3438.jpg,1
3439.jpg,1
3440.jpg,0
3441.jpg,1
3442.jpg,0
3443.jpg,0
3444.jpg,1
3445.jpg,1
3446.jpg,0
3447.jpg,0
3448.jpg,1
3449.jpg,1
3450.jpg,1